Place,Player,Nationality,Fit Code,Fit Number,,Other,
1,Trimp,USA,3211,29,,Player,Nationality
2,Casu,Finland,4111,40,,Miyagi,USA
3,Hanyeah,Taiwan,0100,33,,cjm8026,South Korea
4,Mental_Masochist,Poland,3201,23,,sukezamon,Japan
5,ambinub,Finland,0001,22,,aotogarashi,Japan
6,Crbknight,USA,4000,30,,Bogman,Norway
7,flippeh,USA,0100,33,,BlackANTIvenom,USA
8,Kuroguro2000,Japan,3100,19,,dennydon2,Taiwan
9,Heppy,Poland,3001,18,,be5moti,Japan
10,Hybriiid,USA,4000,30,,L3BLANC,Canada
11,Kamacz,Poland,4100,32,,Ali.Q,Saudi Arabia
12,hty_ra_t,Japan,2000,4,,Mario568151,Spain
13,Yoyogi_yoshi_Vtuber,Japan,3001,18,,BakedSpaghetti,USA
14,H_ebi,Poland,2101,7,,DDDoctor,Israel
15,Lehvel,USA,0001,22,,TheSpeed100,Germany
16,ExiledMonk,Poland,3000,17,,KKanashi,Unknown
17,m_yoyoyo,Japan,4211,42,,Vuvuzelaman,Unknown
18,laayuman,Japan,1100,46,,ilmzor,Finland
19,Rustamaniacc_,Czech Republic,2110,13,,Yamamaya,Japan
20,Brungo,Switzerland,2001,5,,specificvux,Turkey
21,KurierDPD,Poland,3001,18,,KermitSepoku,Kazakhstan
22,Cartewns,USA,4010,37,,DarkBrother25,USA
23,Valmerix,England,4110,39,,EvanChad,USA
24,Bonzai917,USA,2001,5,,PIXX3L,Switzerland
25,Stego20,USA,2111,14,,jooj211,Brazil
26,Flan,USA,2001,5,,k4napan,Japan
27,Fasu,Finland,4200,35,,TanteMariane,Germany
28,latina,Poland,3201,23,,Facning,Japan
29,Ridgy,Australia,2100,6,,kopaoji,Japan
30,AS13B,Unknown,5200,61,,Tulipan,Poland
31,primax,Poland,3111,27,,jebnius,Netherlands
32,SirNewt,Canada,5010,63,,BeHapPy,Poland
33,eyetooth96,South Korea,4010,37,,lemonlion,USA
34,Taken,Australia,1211,56,,Kenaken,Russia
35,Onlyoyo,China,2000,4,,H2O_Gucio,Poland
36,ike,Japan,2111,14,,Bigton,Unknown
37,CookieCrisp,Belgium,4101,34,,RealGordonRamsay,USA
38,Mpuddi,England,2000,4,,Evader,Saudi Arabia
39,Lodinggggg,Canada,4110,39,,SilverEpk,Japan
40,KosiechecK,Poland,4100,32,,fanatic1219,Japan
41,Ny,China,2000,4,,rathors7,USA
42,joeknit,USA,2110,13,,Jokeroat,Canada
43,oHypix,England,2101,7,,Gooey9,Brazil
44,Im_Okay,Canada,2101,7,,lennygold,Italy
45,eskine,Japan,4000,30,,Eenox,USA
46,Poppo_,Japan,2010,10,,GekimuzuG,Unknown
47,20centt,France,2001,5,,EpicSeastar,Netherlands
48,mican8s,Sweden,2101,7,,KevinKarriea,South Korea
49,ChroNickPain,USA,4100,32,,Trombikus,Czech Republic
50,kedako,Japan,4101,34,,theSeb07,Austria
51,Rifre,Poland,2000,4,,NobodysPerfect,France
52,Aytk100,Japan,4111,40,,Meea,Finland
53,Rauligvg,Panama,2101,7,,ColT_,South Korea
54,Kojooo,Poland,4101,34,,Minhoplestory,South Korea
55,eniplex,Poland,4101,34,,HAC_,South Korea
56,CrazyNeighbour714,Hong Kong,0000,11,,joeljam123,Russia
57,texhnolyzem,Canada,5010,63,,Krack_1212,Spain
58,Alanukan,Poland,4000,30,,gggooottto,Japan
59,Skromnique,Ukraine,4001,31,,balamie7,Australia
60,henthans,Netherlands,2010,10,,NA6283,Japan
61,sggu,USA,3000,17,,,
62,samsamspada,Sweden,5110,65,,,
63,Kenchan,Japan,2101,7,,,
64,mountains,Finland,2011,12,,,
65,zyx098,South Korea,1111,53,,,
66,Em_ily,Netherlands,2100,6,,,
67,tetoloid,Japan,3100,19,,,
68,honzr,Czech Republic,3101,20,,,
69,Crep,USA,1101,47,,,
70,sisiza1771,Japan,5111,67,,,
71,HotLencia69,Poland,5211,69,,,
72,BsCloudy,Vietnam,4011,38,,,
73,SR_mochi,Japan,2100,6,,,
74,twitchpop,Japan,2000,4,,,
75,BlackIron,United Kingdom,3001,18,,,
76,Pirce59,Japan,1100,46,,,
77,doctorRick,USA,2111,14,,,
78,Magiczny_00,Poland,5111,67,,,
79,M8N,Japan,3111,27,,,
80,oShorty,USA,2201,9,,,
81,GlowdFire,Denmark,4100,32,,,
82,control_speed,Belarus,3211,29,,,
83,Wisteer_,Poland,4200,35,,,
84,yuyumon_nick,Japan,3211,29,,,
85,DJJake7,Austria,2100,6,,,
86,BotRaj,India,2011,12,,,
87,retsu_teno,Japan,4011,38,,,
88,Chariot_Rider,Canada,2101,7,,,
89,laza2115,Poland,4211,42,,,
90,DolpIn_62,South Korea,3210,28,,,
91,okita_110,Japan,2111,14,,,
92,Siuuunic,Vietnam,4010,37,,,
93,BlueStormDragon,Sweden,2101,7,,,
94,You_too,Japan,3211,29,,,
95,tsiiga,Finland,5010,63,,,
96,Entorihi,Japan,2100,6,,,
97,caseyresse,USA,3011,25,,,
98,2D_PPT,Japan,3110,26,,,
99,Starshooter,Germany,3211,29,,,
100,whisperysecret,New Zealand,4100,32,,,
101,SenseiDaichi,Greece,0100,33,,,
102,iLFantasmaDelleNevi,Italy,4211,42,,,
103,rta228,Poland,2100,6,,,
104,yorimitijido,Japan,3011,25,,,
105,skyguy,United Kingdom,1000,43,,,
106,Tomp,Finland,4000,30,,,
107,LorD13,Russia,2100,6,,,
108,spoogat,USA,5111,67,,,
109,Matthe3wZ,Portugal,2110,13,,,
110,tronguly,Vietnam,3000,17,,,
111,DtFishboat,USA,2000,4,,,
112,YS,Japan,2000,4,,,
113,Borrastes,Spain,2001,5,,,
114,Hejzlarini,Czech Republic,4100,32,,,
115,cloud6,South Korea,3111,27,,,
116,B1ink01,New Zealand,0011,71,,,
117,PrincessRosca,USA,2000,4,,,
118,shimano_li,Japan,4201,36,,,
119,LuXX7,Poland,4101,34,,,
120,BlueGoblin,United Kingdom,1100,46,,,
121,Elune,Japan,2100,6,,,
122,groda1,Sweden,2011,12,,,
123,KenJett,Norway,2101,7,,,
124,Phoenixx19,Italy,2001,5,,,
125,Zebresh,Italy,3100,19,,,
126,Twardy,Poland,2000,4,,,
127,Lucan74,Germany,3011,25,,,
128,FrostDragon21,Norway,4000,30,,,
129,Ilzzzu,Finland,2000,4,,,
130,MichaelAtkin,England,0000,11,,,
131,Speedee35,Czech Republic,4011,38,,,
132,hayao880,Japan,4210,41,,,
133,Joebannks,Unknown,2010,10,,,
134,laysy_fromage,Poland,3111,27,,,
135,Gimli43,Poland,4111,40,,,
136,mezotaken,Russia,4211,42,,,
137,Aydelotte8950,Taiwan,3001,18,,,
138,Sumage,England,2000,4,,,
139,SnorlaxDash,Poland,5111,67,,,
140,gazrog,Netherlands,2101,7,,,
141,Treize,France,2010,10,,,
142,personakun,Japan,-,Unknown,,,
143,CsiemM,Philippines,2000,4,,,
144,somefunnything,England,2110,13,,,
145,enamelt,Japan,2111,14,,,
146,toumaro,Japan,2100,6,,,
147,cashcnnr,USA,4000,30,,,
148,PawaDoge,Unknown,1100,46,,,
149,Bikee,Norway,4000,30,,,
150,gw,Poland,3101,20,,,
151,skatman117,Spain,0100,33,,,
152,DuckBoxing,USA,-,Unknown,,,
153,narz,Unknown,0000,11,,,
154,Mudnnoying,Canada,0100,33,,,
155,Gr3mXR3apa,USA,-,Unknown,,,
156,Yrense,Québec,2110,13,,,
157,Void1987,USA,0000,11,,,
158,toskania_,Poland,1100,46,,,
159,MareczekPL,Unknown,2001,5,,,
160,penpon13,Japan,2100,6,,,
161,Knírek,Czech Republic,4101,34,,,
162,mqxewww,France,0000,11,,,
163,Hlepc,Poland,4001,31,,,
164,MysticSooosu,Japan,3100,19,,,
165,Sliv4n,Poland,1100,46,,,
166,Itsuper,USA,2011,12,,,
167,relisoc,USA,2000,4,,,
168,Husi,South Korea,4201,36,,,
169,Qnots,Armenia,3100,19,,,
170,Denryu,USA,2101,7,,,
171,12key_KAI,Japan,2000,4,,,
172,AKKIA,Slovakia,0000,11,,,
173,Jefi,Taiwan,2000,4,,,
174,cano,Japan,2211,16,,,
175,NeroDBlood,Lithuania,2100,6,,,
176,tigluto,Poland,2101,7,,,
177,Mateuszasty,Poland,2101,7,,,
178,tayori_,Japan,2000,4,,,
179,Spillazm,Australia,2111,14,,,
180,Manoloutti,France,4211,42,,,
181,Yoohuman,Hong Kong,2101,7,,,
182,Darkcaoslegends,Brazil,1101,47,,,
183,Kusmier29,Poland,3100,19,,,
184,yaposon,Japan,2201,9,,,
185,Cubein,USA,4101,34,,,
186,Salencjusz,Poland,4100,32,,,
187,W10s,Japan,2000,4,,,
188,CharlieDahlberg,Sweden,2000,4,,,
189,LimPlayz,Japan,3111,27,,,
190,bili_508384997,Unknown,-,Unknown,,,
191,Sky1162,USA,2110,13,,,
192,ImScalD,Ukraine,2000,4,,,
193,Maximus1qc,Québec,2111,14,,,
194,svdofleje,Canary Islands,2000,4,,,
195,SimplyBastian,USA,2111,14,,,
196,Doomydude,India,2100,6,,,
197,Dark_Tool,Germany,3111,27,,,
198,Okularnik,Poland,-,Unknown,,,
199,solwf,South Korea,2000,4,,,
200,MaSaru_0425,Japan,-,Unknown,,,
201,stroll_39,Japan,2011,12,,,
202,KingDuck88,United Kingdom,2000,4,,,
203,JarudeSandstorm,USA,2011,12,,,
204,Groex,Norway,2001,5,,,
205,katsquids,Canada,2000,4,,,
206,SirCherish,USA,2101,7,,,
207,Kikuno,Japan,-,Unknown,,,
208,T_bone_steak,Japan,2001,5,,,
209,TestFiles,Egypt,2000,4,,,
210,DarthAnoos,Norway,2101,7,,,
211,Nerzhul,Canada,2101,7,,,
212,kirbeePNG,USA,3011,25,,,
213,hoobrt,Antarctica,5010,63,,,
214,bananenfriet,Netherlands,0000,11,,,
215,Sontyou,Japan,3111,27,,,
216,Greg_,France,1100,46,,,
217,Suitwo,Scotland,2000,4,,,
218,EbbieM,Canada,3010,24,,,
219,wagyuptt,Taiwan,2000,4,,,
220,toumu,China,-,Unknown,,,
221,Sweaty_10,USA,2100,6,,,
222,playBilli,Russia,3011,25,,,
223,tamagosushi,Japan,2111,14,,,
224,Jonyrvals,Spain,2000,4,,,
225,HamsterHasser,Germany,2000,4,,,
226,fishOfficial,England,2011,12,,,
227,Sheepisan,Australia,2000,4,,,
228,Flap1or,Poland,2100,6,,,
229,GaBBoN,Poland,3111,27,,,
230,Houdini111,USA,2211,16,,,
231,Skitek,Poland,2100,6,,,
232,Lenrok,Poland,4111,40,,,
233,Trilikin21,Canada,-,Unknown,,,
234,lc715,Hong Kong,4100,32,,,
235,Shengan,Taiwan,4010,37,,,
236,EgoTrippinDoggy,South Korea,-,Unknown,,,
237,Adnibhaal,Brazil,2011,12,,,
238,doymeister,USA,2110,13,,,
239,4_Minute_Fangirl,Canada,4101,34,,,
240,resolver,Japan,3001,18,,,
241,LAXSh1nj1,New Zealand,4101,34,,,
242,sam_ratcliffe,New Zealand,2010,10,,,
243,flyingspaceape,England,2111,14,,,
244,zomek,Poland,2001,5,,,
245,Voddov,Finland,2000,4,,,
246,maja2115,Poland,2111,14,,,
247,_V1meR_,Slovakia,2100,6,,,
248,n_lizard,Japan,2000,4,,,
249,ButSmokes,Poland,-,Unknown,,,
250,UKEESZ,Poland,-,Unknown,,,
251,BMNJ356,Australia,2100,6,,,
252,Sajrra,Germany,2111,14,,,
253,NinjaDragon3,USA,0010,70,,,
254,xtrakex,Brazil,2111,14,,,
255,JustifiedKnott,USA,2000,4,,,
256,Blastbolt,USA,0010,70,,,
257,Saumen,Czech Republic,-,Unknown,,,
258,dweeb,USA,-,Unknown,,,
259,laf_JK,USA,-,Unknown,,,
260,iTzCozmicc,USA,4210,41,,,
261,Thinklater,South Korea,4000,30,,,
262,YORUOTP,Japan,0000,11,,,
263,Chrizzall,Canada,2000,4,,,
264,Ploskini,Poland,2000,4,,,
265,asage,Uganda,-,Unknown,,,
266,SOSIEDDAD,Chile,2100,6,,,
267,exiztoo,Poland,-,Unknown,,,
268,abdelzakiel,France,2111,14,,,
269,ItsBen321,Belgium,2000,4,,,
270,da_bomb48,USA,3100,19,,,
271,Four,USA,3100,19,,,
272,Afanasiy_uzda,Russia,-,Unknown,,,
273,Miuring,Japan,-,Unknown,,,
274,xtreme24,Unknown,2000,4,,,
275,perryman,Italy,2000,4,,,
276,Pasniak,Poland,3101,20,,,
277,simamuraelf,Japan,2000,4,,,
278,Avinas1,Japan,1110,52,,,
279,Kazkade,Philippines,4000,30,,,
280,scorpious,Poland,4211,42,,,
281,El_Kumpel,Poland,4201,36,,,
282,Uplayer,Taiwan,-,Unknown,,,
283,Poloman609,Greece,4201,36,,,
284,PeachyKeen73,USA,-,Unknown,,,
285,Nioxxy,France,2000,4,,,
286,HIRARI,Japan,4100,32,,,
287,Angello21,Costa Rica,2110,13,,,
288,Shwift,United Kingdom,2100,6,,,
289,MikoKatsuno_V,Japan,-,Unknown,,,
290,Kickingpro,USA,0000,11,,,
291,Norbi77,Poland,4111,40,,,
292,leboucaneur,France,2000,4,,,
293,Maksiu,Poland,2011,12,,,
294,KEITO1144,Japan,4201,36,,,
295,SWMbro,England,2101,7,,,
296,Lyrical,Bahrain,2000,4,,,
297,EmKu_JD,Poland,2001,5,,,
298,taviansmith,Unknown,-,Unknown,,,
299,Elete,Argentina,2000,4,,,
300,fanparamaxila8,Poland,2100,6,,,
301,Volt95,Poland,-,Unknown,,,
302,xnocke,USA,2010,10,,,
303,Edster8K,Unknown,3011,25,,,
304,SyszkaUntara,Unknown,3211,29,,,
305,JesseWerner,USA,4110,39,,,
306,mattdoes_,USA,4110,39,,,
307,Moguyo,Unknown,3101,20,,,
308,chusommontero,Spain,2000,4,,,
309,BeanThe3rd,Unknown,2000,4,,,
310,WDRay,Uruguay,4101,34,,,
311,Solidius,Greece,2100,6,,,
312,CammieRush,USA,2011,12,,,
313,7inchsoftaries,Canada,2100,6,,,
314,maring,South Korea,2211,16,,,
315,R3frain,Poland,1101,47,,,
316,glnji,Ireland,1200,48,,,
317,Dwdaw,Poland,2111,14,,,
318,oniim,Unknown,2111,14,,,
319,hoshikake_kun,Japan,2010,10,,,
320,Sajmon_ni,Unknown,3111,27,,,
321,KeeBoley,Canada,1000,43,,,
322,SleepyHazzard,USA,2000,4,,,
323,HolyHamburgers,USA,2100,6,,,
324,louynx,France,2010,10,,,
325,GazzoGazzo,Poland,2111,14,,,
326,wasurenasan,Unknown,2000,4,,,
327,skurz4k,Poland,4211,42,,,
328,Flome,Poland,2100,6,,,
329,Tamasan,Vietnam,3111,27,,,
330,Is1x,Canada,2111,14,,,
331,Kapifo,Poland,2100,6,,,
332,SavaCheN,Sweden,2000,4,,,
333,izlee,Poland,4111,40,,,
334,sunaa,Canada,1000,43,,,
335,Axoloaded,Australia,3100,19,,,
336,INTER_ISO,Japan,2001,5,,,
337,fabmoneyy,Unknown,0000,11,,,
338,Emby,Croatia,-,Unknown,,,
339,Tur_nup,USA,2101,7,,,
340,Veronpl,Poland,3100,19,,,
341,Arpeggio,Unknown,3101,20,,,
342,Salimen,Czech Republic,2000,4,,,
343,Krystek13,Poland,2100,6,,,
344,gragasiktohul,Poland,5111,67,,,
345,KevinOAO,Taiwan,4110,39,,,
346,chocofondue,Canada,4001,31,,,
347,difz_,Poland,4111,40,,,
348,swison,Israel,4000,30,,,
349,filippeo,Unknown,2000,4,,,
350,ronderus,USA,1000,43,,,
351,sfhsfh100,South Korea,-,Unknown,,,
352,Fahad_789,Saudi Arabia,1011,51,,,
353,Litmirskiy,Russia,2100,6,,,
354,ant4det3,USA,2100,6,,,
355,DukeDukeDura,Hong Kong,2100,6,,,
356,AlonsoGaucho_,Poland,-,Unknown,,,
357,CaptainTyler13,USA,1100,46,,,
358,lordmeepz,USA,4101,34,,,
359,Zurdau,Finland,4001,31,,,
360,sena_011JP,Japan,-,Unknown,,,
361,papopopomimimiu,Hungary,2001,5,,,
362,hsiehston,Taiwan,2000,4,,,
363,nousagi_employee,France,2000,4,,,
364,cloneboys07,Australia,2101,7,,,
365,prestonalewis,USA,2100,6,,,
366,Skapsn,Canada,1111,53,,,
367,Shandy777,Australia,2111,14,,,
368,ConfusedCoconut,Unknown,3000,17,,,
369,gio13,Portugal,2000,4,,,
370,kameleon_667,Poland,2101,7,,,
371,_sample,Finland,3001,18,,,
372,agreergaTW,Taiwan,5100,59,,,
373,PtacobellVT,Spain,2000,4,,,
374,Auzz1e,Wales,4201,36,,,
375,EpiTimmy,Canada,2001,5,,,
376,Kargo44,Poland,4001,31,,,
377,Fuzionon,United Kingdom,3100,19,,,
378,Doctor_Cheese,USA,2101,7,,,
379,hoose,Unknown,3101,20,,,
380,PepeOnDrugs,Poland,2101,7,,,
381,Dingo055,Australia,2100,6,,,
382,zerciak,Poland,4101,34,,,
383,Acesonic,Canada,2000,4,,,
384,GolombasPL,Unknown,1000,43,,,
385,c7v2,USA,2000,4,,,
386,Branzax,Belgium,2011,12,,,
387,Railerz,USA,2011,12,,,
388,Waitingcoronet5,USA,2100,6,,,
389,pahapatu,Finland,2111,14,,,
390,KenOrihara,Cyprus,2100,6,,,
391,woib3s,Poland,4211,42,,,
392,Laitsu,Finland,2000,4,,,
393,TheScore,Argentina,2000,4,,,
394,Swyfty,Uganda,2100,6,,,
395,DinoScythe63,Australia,5210,68,,,
396,MonkeyBrain4U,Canada,2100,6,,,
397,Anorfidien,Slovakia,2000,4,,,
398,Coolaid15972,Canada,3100,19,,,
399,cosycossack,Poland,4100,32,,,
400,blankki,Finland,2100,6,,,
401,thing_one23,USA,2011,12,,,
402,crukz,Poland,1101,47,,,
403,CBKohi,Unknown,2100,6,,,
404,guduyinfu,China,2100,6,,,
405,UmiYou,Mexico,2000,4,,,
406,Czarfire,USA,4100,32,,,
407,Wasiek,Poland,3111,27,,,
408,bubus,Poland,2100,6,,,
409,Monta,Netherlands,-,Unknown,,,
410,Karolson_,Poland,2111,14,,,
411,azuma,Japan,2000,4,,,
412,mayawaru,Japan,2111,14,,,
413,EmielDTB,Unknown,3111,27,,,
414,Dr.Rokon,Japan,-,Unknown,,,
415,samehada,Japan,3011,25,,,
416,salamijohn,USA,5211,69,,,
417,0pagan_,Poland,2100,6,,,
418,Bedlum,Unknown,3000,17,,,
419,Kelthaz,Czech Republic,4101,34,,,
420,Edherty,Brazil,4111,40,,,
421,SytherX,USA,-,Unknown,,,
422,yamawasabi,Japan,2000,4,,,
423,Ashtall,India,2000,4,,,
424,TG2513,England,2100,6,,,
425,occuliquetzal,Hungary,2000,4,,,
426,DigTSmorin,USA,2000,4,,,
427,Kiji_64,Japan,2000,4,,,
428,KurenaiK_VT,Japan,2111,14,,,
429,werteksik,Poland,3211,29,,,
430,bloodzombiecz,Czech Republic,2000,4,,,
431,Namesrhardman,USA,2000,4,,,
432,Popil,England,2100,6,,,
433,ylf_discoverpow2115,Poland,2100,6,,,
434,chong_wang,Unknown,2000,4,,,
435,ryshi,Unknown,5010,63,,,
436,Cylz,France,1001,45,,,
437,Broken_Screen,France,2100,6,,,
438,Plopikoosy,Canada,1111,53,,,
439,StupidBaguette,Québec,2000,4,,,
440,neo_rift,Unknown,2000,4,,,
441,Rezistanss,Poland,3110,26,,,
442,Reygar_,Poland,3100,19,,,
443,Beware,Poland,2100,6,,,
444,fiszki,Unknown,-,Unknown,,,
445,TheMikuDrip,Netherlands,4111,40,,,
446,Yeeterlukas,Germany,2110,13,,,
447,bigmayo,Canada,2111,14,,,
448,sennyk4,USA,-,Unknown,,,
449,connor_yh_man,United Kingdom,2101,7,,,
450,Mously,Greece,3100,19,,,
451,Vinky,Czech Republic,-,Unknown,,,
452,hanatei,Japan,4000,30,,,
453,HadeNewell,United Kingdom,2000,4,,,
454,ItzDobbyy,USA,2111,14,,,
455,normandy247,USA,2000,4,,,
456,Tebya,Poland,2000,4,,,
457,rizlim16,Austria,-,Unknown,,,
458,Mikoqazxc,Poland,2110,13,,,
459,MistaFerret,Poland,2101,7,,,
460,Sowakox,Poland,2100,6,,,
461,k3ruba,Peru,2201,9,,,
462,LittleScrubby,Australia,4101,34,,,
463,SUPERHOT,Unknown,4010,37,,,
464,5views,Japan,2000,4,,,
465,Coomer_Bossco,Australia,5211,69,,,
466,tomothy10,USA,2000,4,,,
467,ohlookbean,USA,1101,47,,,
468,R4MK4,Russia,3110,26,,,
469,guming,Japan,4101,34,,,
470,massivHolz,Germany,1010,50,,,
471,Tua89,Scotland,2110,13,,,
472,FroinT,Poland,3111,27,,,
473,SIR_Deadeye,Switzerland,5210,68,,,
474,Blyatdog,Romania,2101,7,,,
475,mushamaru,Japan,2000,4,,,
476,xFSN_Archer,Netherlands,2000,4,,,
477,Odusty,Nepal,3111,27,,,
478,RockaX,Poland,3101,20,,,
479,SpaceInn_PhiltonK,Germany,2000,4,,,
480,Leviathan307,India,2000,4,,,
481,thychaos,Unknown,2000,4,,,
482,pokerkiller452,Italy,2111,14,,,
483,Dynsai,Spain,2000,4,,,
484,Mr_Skalny,Poland,5110,65,,,
485,ZiFFiK-,Czech Republic,2101,7,,,
486,CR33PR,Germany,1100,46,,,
487,Proogles,Canada,4001,31,,,
488,Megumin177013,France,3100,19,,,
489,GustavFischer,Sweden,0010,70,,,
490,AnonHedgehog,Australia,-,Unknown,,,
491,Zatchhh,USA,2100,6,,,
492,Habugabu,Finland,2000,4,,,
493,Drgrrr,USA,2100,6,,,
494,jship,USA,2110,13,,,
495,flatcase,Uganda,2011,12,,,
496,keftedompalas,Greece,2111,14,,,
497,z_sour,Sweden,2100,6,,,
498,heyzeus00256,England,2011,12,,,
499,bombvest_,USA,2000,4,,,
500,Fullserver,Poland,2100,6,,,
501,OstryGulasz69,Poland,2100,6,,,
502,Axolotl997,Poland,-,Unknown,,,
503,Nightmare_JK,USA,2000,4,,,
504,HaToBu,Poland,2000,4,,,
505,SociopatSteven,Unknown,2101,7,,,
506,Neyer,Poland,1100,46,,,
507,themadkurt,England,2000,4,,,
508,CONTONA,Japan,2000,4,,,
509,KennySAK,Germany,4010,37,,,
510,GUANA_Vtuber,Japan,2011,12,,,
511,Mini1burger,USA,0110,72,,,
512,t3333o,Canada,0111,1,,,
513,Niotid,Russia,4211,42,,,
514,Trifko,Poland,2101,7,,,
515,Crdboard,Unknown,4010,37,,,
516,Chayzer,France,3100,19,,,
517,BRATT,Poland,-,Unknown,,,
518,slicejks,Poland,2100,6,,,
519,exmax1999,Taiwan,0000,11,,,
520,fablesop,USA,3001,18,,,
521,fredwings007,USA,2100,6,,,
522,SortaZach,Unknown,2100,6,,,
523,anthony_risen,Taiwan,2100,6,,,
524,Turboom,Poland,3110,26,,,
525,Napruk,Poland,-,Unknown,,,
526,ArlyakaOREO,Unknown,2101,7,,,
527,Tonakai3104,Japan,4210,41,,,
528,krecgo,Poland,2100,6,,,
529,ggracek,Poland,4100,32,,,
530,PESTRiCA,Japan,3210,28,,,
531,Kwasniuczy,Poland,3111,27,,,
532,miki2003pl,Poland,3111,27,,,
533,Xalvio,Turkey,2100,6,,,
534,LikeOfYou,Poland,2100,6,,,
535,Inkuze,France,2200,8,,,
536,KeithyMann,Chile,3110,26,,,
537,KusaToKot,Poland,1000,43,,,
538,Konti,Hungary,2010,10,,,
539,BezikPL,Poland,4111,40,,,
540,Grave1677,Canada,2110,13,,,
541,Luxik,Slovakia,2100,6,,,
542,KanareQ,Poland,2100,6,,,
543,lldavidoll,USA,2001,5,,,
544,Baby_Pug,USA,0000,11,,,
545,Martoncho3052,Argentina,2101,7,,,
546,Vitas2222,Russia,2100,6,,,
547,Chaotix418,USA,2000,4,,,
548,MarcusAgr241,Canada,2010,10,,,
549,Pancakejake,USA,-,Unknown,,,
550,SteamHK,USA,2101,7,,,
551,benjaa_,England,2010,10,,,
552,comical,England,2100,6,,,
553,Geo_666,Germany,5111,67,,,
554,mourisyasu,Japan,2000,4,,,
555,RichardChaney,United Kingdom,2000,4,,,
556,SuitedVulpes,USA,2000,4,,,
557,Massyuuuu,Japan,2000,4,,,
558,doaskamchatka,Japan,2200,8,,,
559,BlackWind1031,Taiwan,2101,7,,,
560,Aquas,USA,2000,4,,,
561,Arkaunis,USA,2100,6,,,
562,SenseiYasir,Unknown,3111,27,,,
563,Hachimitsu_hunter,Japan,2000,4,,,
564,Pizapia,Greece,2000,4,,,
565,tetrixstreams,Unknown,2111,14,,,
566,MontyvsTHEWORLD,Canada,2100,6,,,
567,mizyoursisterhot,Québec,2101,7,,,
568,KamOG,Poland,2100,6,,,
569,DessSf84,Spain,2110,13,,,
570,CrazyCartoonStudios,Chile,1010,50,,,
571,ligerzero61008,Taiwan,0000,11,,,
572,honest,England,2100,6,,,
573,snowyy_,Poland,2101,7,,,
574,viktor_npr,Czech Republic,2110,13,,,
575,Cutiemctootie,Sweden,2100,6,,,
576,sugarOsato,Japan,2000,4,,,
577,Simplysloth,Honduras,0000,11,,,
578,willmerkz,USA,5110,65,,,
579,Gryfu,Unknown,2111,14,,,
580,Skonko_,Belgium,2011,12,,,
581,Comak_,Poland,1100,46,,,
582,Crysen,Québec,2211,16,,,
583,DOLPHINCN,Romania,2101,7,,,
584,Toukuchitoua,Taiwan,3100,19,,,
585,JackTheCrazy,Poland,1100,46,,,
586,s3rgio29,Spain,1010,50,,,
587,kutuhi,Japan,2000,4,,,
588,Lukcar,Argentina,2000,4,,,
589,Sil01,Unknown,4101,34,,,
590,FoxFireBR,Brazil,2000,4,,,
591,CyBr_Hydrus,England,4211,42,,,
592,ForgottenIce,Denmark,2100,6,,,
593,Devon,Czech Republic,2111,14,,,
594,Mr_Pug,Finland,4001,31,,,
595,JKDevilman,Brazil,4211,42,,,
596,ShadowReS,Poland,2210,15,,,
597,maymaysone,Unknown,2010,10,,,
598,LeroCZ,Czech Republic,4101,34,,,
599,Dla_5,Bahrain,-,Unknown,,,
600,Con_s1,South Korea,2100,6,,,
601,BerserkerKing,Unknown,2000,4,,,
602,Adam_na_speedzie,Poland,2100,6,,,
603,Usiruk,Unknown,2000,4,,,
604,Bigboes97,Germany,2000,4,,,
605,ThomasGabrielWhite,USA,2000,4,,,
606,mateous_yupio45,France,4111,40,,,
607,Gracheyy,Germany,2010,10,,,
608,Kariox,Poland,3100,19,,,
609,VicXuS,Poland,5100,59,,,
610,CallSaul,USA,3101,20,,,
611,Alpakast,Poland,3000,17,,,
612,JackJJ,Unknown,2101,7,,,
613,El_Laso,Czech Republic,-,Unknown,,,
614,Massoquetti,Brazil,2101,7,,,
615,VichoX40,Unknown,5100,59,,,
616,ch0co_chip,USA,2000,4,,,
617,Cllyydde,USA,-,Unknown,,,
618,Jezse_,Belgium,4000,30,,,
619,Lucksack,USA,2100,6,,,
620,Quirell,USA,-,Unknown,,,
621,ModeratelyFastGamer,Scotland,0100,33,,,
622,Ray87,USA,2000,4,,,
623,Marong,South Korea,2010,10,,,
624,AuroraXD,USA,2000,4,,,
625,Blargel,USA,2000,4,,,
626,mizkif,Unknown,-,Unknown,,,
627,JSJ,Poland,-,Unknown,,,
628,Krychas,Finland,0000,11,,,
629,blion,Taiwan,2100,6,,,
630,Crnk,USA,4110,39,,,
631,Novanium,USA,4101,34,,,
632,insomnya,Argentina,2000,4,,,
633,Phant,USA,2000,4,,,
634,Gerwiczek,Poland,2100,6,,,
635,Dolwerd2,Unknown,2100,6,,,
636,Martin0,Poland,2000,4,,,
637,Nagzz21,USA,-,Unknown,,,
638,StewieWonder,USA,2201,9,,,
639,Deltaforcesea,Canada,2100,6,,,
640,CannibalPen,USA,1100,46,,,
641,delfin_,Poland,3100,19,,,
642,pyskon1k,Czech Republic,2010,10,,,
643,Starkovsky,Poland,2100,6,,,
644,KYOOOOO,Poland,2100,6,,,
645,flonorek,Poland,2211,16,,,
646,tinflorek,Poland,2100,6,,,
647,LelouchFR,France,2100,6,,,
648,westerncarnival,Japan,-,Unknown,,,
649,AleisterCazar,Unknown,2000,4,,,
650,karripon,Russia,-,Unknown,,,
651,Gilevsky,Poland,2000,4,,,
652,uesno,Hong Kong,2000,4,,,
653,Medivelion,Brazil,2111,14,,,
654,ChaosExplosive,USA,2000,4,,,
655,LilSyco,Unknown,2000,4,,,
656,dabaiosamu,Japan,2000,4,,,
657,Marelcan_4,Unknown,3110,26,,,
658,JaitorWUT,Spain,2111,14,,,
659,LSRC,Unknown,5210,68,,,
660,SpookyBones,USA,1000,43,,,
661,raymiles99,USA,-,Unknown,,,
662,HZRDxFrenzy,USA,2100,6,,,
663,rebootentag,USA,0000,11,,,
664,akiryo,Unknown,2101,7,,,
665,tbk_op,Japan,2100,6,,,
666,Gaarn,USA,2000,4,,,
667,kuyaxd,Unknown,2100,6,,,
668,Nejkubis,Czech Republic,2000,4,,,
669,Rawm,USA,2100,6,,,
670,mohumohu,Japan,2000,4,,,
671,Teruko,Japan,2001,5,,,
672,cookiemonstercarl,Australia,2000,4,,,
673,hi_im_daniel,Poland,2100,6,,,
674,Ozdy,Turkey,5000,57,,,
675,th33beat,Canada,2000,4,,,
676,Egg_,Unknown,-,Unknown,,,
677,calceeum,Indonesia,2000,4,,,
678,danil212211,Russia,0000,11,,,
679,Zegner,Romania,2100,6,,,
680,gucio123165,Poland,2000,4,,,
681,Kaychanpion,Unknown,0000,11,,,
682,SMB2005,England,3110,26,,,
683,Feskhandlarn,Sweden,2100,6,,,
684,Ko-Aesir,USA,2000,4,,,
685,pufo,Poland,2000,4,,,
686,maddiedupes,Antarctica,2000,4,,,
687,Techguy087,USA,2000,4,,,
688,XarGM,Poland,0000,11,,,
689,TerminalVT,Unknown,1000,43,,,
690,YomedaniKumiko,Unknown,2100,6,,,
691,Chri003,Italy,2000,4,,,
692,Ksysowy,Poland,3100,19,,,
693,Aoiuparupa,South Korea,2100,6,,,
694,HalKing,Unknown,2000,4,,,
695,VictoVis,Indonesia,2000,4,,,
696,LarryTheLobster318,USA,2111,14,,,
697,Evan12303,USA,1000,43,,,
698,Vodko,Russia,2100,6,,,
699,Fughie,Unknown,3100,19,,,
700,Rauga,Japan,2100,6,,,
701,Naczelny_idiota,Poland,3101,20,,,
702,doriya0,Japan,-,Unknown,,,
703,SJPD,Unknown,2000,4,,,
704,PoisonIvysaur,USA,2100,6,,,
705,Nenu22,USA,2011,12,,,
706,rikuku,United Kingdom,2011,12,,,
707,Chheezy,England,2111,14,,,
708,nosaint317,USA,0000,11,,,
709,Franklinsson,Germany,2000,4,,,
710,qrys,Poland,2000,4,,,
711,PowerWasher,Québec,3101,20,,,
712,ElRobotX94,Unknown,3100,19,,,
713,ABDalrhmanahmadsalim,Iraq,3100,19,,,
714,PankyVT,Unknown,-,Unknown,,,
715,Oski_,Poland,0000,11,,,
716,Kingsssss,USA,-,Unknown,,,
717,sean_mon,USA,2100,6,,,
718,maggi323,Germany,2110,13,,,
719,DitoDesign,Germany,2100,6,,,
720,yutttli,Unknown,-,Unknown,,,
721,MrStabby,USA,2100,6,,,
722,Anthen,USA,2100,6,,,
723,koisakaa,USA,2000,4,,,
724,Knedla,Slovakia,-,Unknown,,,
725,number3dfan,Canada,2000,4,,,
726,PericlesM,Hungary,3100,19,,,
727,Mnicheryss,Poland,2100,6,,,
728,ronghao_ROC,Taiwan,2100,6,,,
729,InugamiAruto,Japan,2110,13,,,
730,wohoome,Poland,2100,6,,,
731,DeathBringer308,Unknown,2100,6,,,
732,ccw4956781,Taiwan,2000,4,,,
733,S2000,USA,2000,4,,,
734,insp3ct,Denmark,2000,4,,,
735,I_am_Drag0n,Poland,2100,6,,,
736,Deadson996,Poland,3100,19,,,
737,Aseem,USA,2101,7,,,
738,ratkogamer,Colombia,2100,6,,,
739,OleJ7,Poland,2100,6,,,
740,NithaatoR,Spain,2010,10,,,
741,temujin0507,Japan,2000,4,,,
742,Dwayne_,United Kingdom,2000,4,,,
743,Professiona1_Gamer,Unknown,2110,13,,,
744,Revilo_1206,Unknown,3010,24,,,
745,kiiboo,Japan,2000,4,,,
746,Pigmy,Greece,1101,47,,,
747,wilkus,Poland,2100,6,,,
748,sealham,USA,4011,38,,,
749,shomai,Japan,2000,4,,,
750,GingerGiant,USA,2111,14,,,
751,AzulaLeFay,Indonesia,2000,4,,,
752,Ahriel,Finland,2000,4,,,
753,eMDeMeister,Poland,1110,52,,,
754,3Insanity,Saudi Arabia,2100,6,,,
755,AllayedYT,USA,4110,39,,,
756,MaCzyk_,Poland,2100,6,,,
757,Cewew,Poland,2001,5,,,
758,Romises,Poland,-,Unknown,,,
759,Aleksendr,France,2000,4,,,
760,linkinrodri,Uruguay,1100,46,,,
761,BogeyCollector,Scotland,2110,13,,,
762,XpLL,Unknown,2000,4,,,
763,Gold_Oki,France,2100,6,,,
764,Monsterooo,Poland,1100,46,,,
765,Peten_Pelit,Finland,2000,4,,,
766,Bee_chan,Venezuela,2100,6,,,
767,arroz_cabidela,Portugal,2000,4,,,
768,Jerema,Poland,4111,40,,,
769,sreoch,Scotland,-,Unknown,,,
770,kukurydzka,Unknown,2000,4,,,
771,DuhAsianBoy,Hong Kong,2000,4,,,
772,MelkorTheGreat,USA,2000,4,,,
773,Pery,Poland,2100,6,,,
774,Kevtom,Estonia,2000,4,,,
775,Aki_to_szef,Poland,2100,6,,,
776,TheAdversary,USA,2000,4,,,
777,MartinH_2403,France,2100,6,,,
778,sporkido,Canada,2000,4,,,
779,Spocona_Arleta,Poland,4201,36,,,
780,DrWegi,Poland,2100,6,,,
781,CiegoMiniGames,Mexico,2000,4,,,
782,thekingbelow,USA,2100,6,,,
783,saltsawyer,Canada,-,Unknown,,,
784,Kozol1337,Poland,2000,4,,,
785,Reverseeeeeee,Poland,2000,4,,,
786,Ejczuuu,Poland,5110,65,,,
787,Magnouf,France,3101,20,,,
788,insanium,Unknown,0000,11,,,
789,Muchstupider,Unknown,2000,4,,,
790,Nageku,Unknown,2000,4,,,
791,Hachimen,Unknown,0000,11,,,
792,ZziomoO,Poland,1100,46,,,
793,Dudi,Unknown,2100,6,,,
794,shpsy,USA,2100,6,,,
795,sorryvol,Australia,2210,15,,,
796,Bertosz_,Poland,-,Unknown,,,
797,OD_Jake,Unknown,2101,7,,,
798,Europka,Russia,4001,31,,,
799,mavv,Poland,2100,6,,,
800,Dholk,Sweden,-,Unknown,,,
801,Loafyyyy,Unknown,2100,6,,,
802,Ramon46,Unknown,2100,6,,,
803,PawelZabijaka,Poland,2100,6,,,
804,chipskylark,Canada,2100,6,,,
805,Mlokito12,Argentina,2100,6,,,
806,af0815,Hong Kong,2000,4,,,
807,TreqZxGp,Germany,2010,10,,,
808,RealLoser1109,Unknown,2100,6,,,
809,Tam1d,Russia,2000,4,,,
810,TheRose,Germany,2000,4,,,
811,Fionel_,Poland,-,Unknown,,,
812,FireZerpent,Unknown,2100,6,,,
813,limppuu,Finland,2100,6,,,
814,thekrynn,USA,2000,4,,,
815,XanderroX,Sweden,2000,4,,,
816,Rusinik,USA,2110,13,,,
817,RobJeromeJ,Australia,2000,4,,,
818,zeldafan22,Spain,-,Unknown,,,
819,Standa152,Czech Republic,4100,32,,,
820,Baumert_2120_o7,Unknown,0100,33,,,
821,Jayce810,Unknown,2010,10,,,
822,Sevrunn,Unknown,2000,4,,,
823,deadlyydragonn,Unknown,2210,15,,,
824,Popochounet,France,3211,29,,,
825,littletinyspaceman,Unknown,2000,4,,,
826,Danken,Czech Republic,-,Unknown,,,
827,NainMoqueur,France,2100,6,,,
828,ducc_sports,Finland,2000,4,,,
829,Ishaulis87,Unknown,2100,6,,,
830,Muurgui,Spain,5000,57,,,
831,FloatSpades,Unknown,2000,4,,,
832,Jacrispus,Unknown,2100,6,,,
833,Frezu,Poland,2000,4,,,
834,ZarahFire,Unknown,2000,4,,,
835,kayzan,Poland,2100,6,,,
836,xzcosmo,Finland,-,Unknown,,,
837,TPGPL,Poland,2111,14,,,
838,NixTin,Poland,3100,19,,,
839,dudzinex,Poland,2000,4,,,
840,CHRIS_G_93,Scotland,2211,16,,,
841,Kant0,Russia,2000,4,,,
842,hisomiso,Indonesia,2000,4,,,
843,Zabuska,Brazil,2111,14,,,
844,Tr3PP,Poland,2111,14,,,
845,ZENKURO,Unknown,2000,4,,,
846,TeeToo,Czech Republic,1111,53,,,
847,caco_,USA,2110,13,,,
848,DemonicalScythe,Czech Republic,2100,6,,,
849,Siklair,France,2100,6,,,
850,REIV,Japan,2000,4,,,
851,realzier,Germany,2000,4,,,
852,Skiperoni,Canada,2010,10,,,
853,Ralles,Denmark,-,Unknown,,,
854,roccofarend,USA,2100,6,,,
855,Tr4p3d,Germany,2110,13,,,
856,NoirKyoko,Unknown,-,Unknown,,,
857,Hsegra,Russia,4101,34,,,
858,CzesiuleQ,Poland,2000,4,,,
859,TheBluesPlayer,Spain,-,Unknown,,,
860,Kolotar,Poland,0000,11,,,
861,Aegix,USA,5100,59,,,
862,blanketninja,Canada,0100,33,,,
863,KriketGame,USA,2000,4,,,
864,Wambasen,Finland,3001,18,,,
865,ondabonda,Czech Republic,2110,13,,,
866,KeyAO,United Kingdom,2000,4,,,
867,Ubername0,Mexico,2001,5,,,
868,TransLior,Israel,2100,6,,,
869,PixelRGB,Unknown,3000,17,,,
870,jesuscytacja1234,Poland,0010,70,,,
871,SZPAKUFAN,Poland,2000,4,,,
872,WickedPhantomz,USA,2000,4,,,
873,Kanae,Pakistan,2000,4,,,
874,CalliopeMori,Unknown,2000,4,,,
875,Megasnor,Netherlands,5110,65,,,
876,Yahoo,Poland,5100,59,,,
877,DingDongDung,Russia,2000,4,,,
878,GuoGuoGuo,Taiwan,2010,10,,,
879,Galactaga,USA,2000,4,,,
880,StanleyAlex123,Singapore,2000,4,,,
881,zWind,USA,2000,4,,,
882,tomsz6133,Hong Kong,2100,6,,,
883,MegaNexas,Philippines,2100,6,,,
884,jayantabathla,India,2100,6,,,
885,Bielor,Poland,2100,6,,,
886,Boogie813,Unknown,2100,6,,,
887,Dawt2098,Poland,2100,6,,,
888,Aloneso,USA,2100,6,,,
889,John007,Poland,2000,4,,,
890,Ebitan,Philippines,3100,19,,,
891,siema_ja_wic,Poland,-,Unknown,,,
892,snrZora,Finland,2000,4,,,
893,aobalulu,Japan,2000,4,,,
894,Valberg,Norway,2101,7,,,
895,Krzysss,Poland,2100,6,,,
896,34Pancakes,USA,2100,6,,,
897,HooDoo1089,USA,4211,42,,,
898,Wangle,USA,-,Unknown,,,
899,ISDMFK,USA,2100,6,,,
900,Jphanta,Australia,-,Unknown,,,
901,AzHarcos,Germany,0000,11,,,
902,Radimx61,Czech Republic,0000,11,,,
903,HungQuach_HQ,Unknown,2000,4,,,
904,vanezz7,Poland,3110,26,,,
905,Gachenson,Poland,-,Unknown,,,
906,yossidazo,Japan,2000,4,,,
907,Matieusz,Poland,2000,4,,,
908,DantonTW,Taiwan,2100,6,,,
909,sheabajess,Unknown,2000,4,,,
910,_CHIF,Japan,2100,6,,,
911,SpniperPug218,Unknown,0100,33,,,
912,notalffa,Poland,2100,6,,,
913,BenBen135,Hong Kong,2100,6,,,
914,opie_beans,Australia,2100,6,,,
915,HoleeNugget,Czech Republic,2000,4,,,
916,TacoBellJanitor,USA,2000,4,,,
917,Charmlure,Serbia,2000,4,,,
918,framacken,USA,2000,4,,,
919,Souky,Czech Republic,2000,4,,,
920,Kaczmarson,Poland,2100,6,,,
921,faliz,Brazil,2000,4,,,
922,klitex123,Lithuania,-,Unknown,,,
923,Foka,Poland,2100,6,,,
924,snake47,Argentina,2000,4,,,
925,soulshaker3,Portugal,2110,13,,,
926,RuphusOverkill,Spain,2100,6,,,
927,TentoModsjefajn,Unknown,2000,4,,,
928,izumi,Japan,-,Unknown,,,
929,SimplySelic,USA,2100,6,,,
930,KripsyKreme,USA,2100,6,,,
931,Hammerman,USA,2000,4,,,
932,nueces1234,Argentina,2000,4,,,
933,KolineczeK,Unknown,2000,4,,,
934,B0N0BO,Serbia,2000,4,,,
935,Spikeygun,USA,2100,6,,,
936,thyotherside,USA,-,Unknown,,,
937,D3ltR,Unknown,2100,6,,,
938,LahiRahi,Japan,2100,6,,,
939,Rideau,France,2100,6,,,
940,ungeros,Czech Republic,2100,6,,,
941,griffinbeels,USA,2000,4,,,
942,BLTMyth,USA,2000,4,,,
943,mauryk,Poland,2000,4,,,
944,wywrotka,Poland,2100,6,,,
945,SutekDGS,Poland,2110,13,,,
946,tw_09842,Taiwan,2100,6,,,
947,GrubyzVegas,Poland,2111,14,,,
948,blueblur93,USA,0000,11,,,
949,HomerLi,China,2100,6,,,
950,ambukyat,Brunei,2000,4,,,
951,GreenzY,Poland,3100,19,,,
952,TrueHero,Unknown,2000,4,,,
953,Typical_Programmer,India,2000,4,,,
954,Tetsuya_Kazune,USA,-,Unknown,,,
955,GdAdem,Unknown,-,Unknown,,,
956,Minion_Number_Q,United Kingdom,2111,14,,,
957,Bartosz2BT,Unknown,2000,4,,,
958,sowin_grubcio,Unknown,-,Unknown,,,
959,CornCrow,Unknown,2000,4,,,
960,syutokennard,United Kingdom,2000,4,,,
961,ezander11,USA,1100,46,,,
962,ShadowZoroark,Estonia,2000,4,,,
963,nikonek,Poland,2000,4,,,
964,SomethingLawDude,Austria,2100,6,,,
965,Mop,USA,-,Unknown,,,
966,Suchy0165,Poland,-,Unknown,,,
967,Killerzunited,USA,2100,6,,,
968,tyjr,China,2100,6,,,
969,Lacosso,Norway,2101,7,,,
970,JrCanoe,USA,0100,33,,,
971,Mikser,Poland,2000,4,,,
972,CheedoSpeedo,Unknown,2000,4,,,
973,Smoper2115,Poland,-,Unknown,,,
974,KHUninja,Japan,2000,4,,,
975,2mi_za_king,Québec,-,Unknown,,,
976,lil_brzy,Canada,-,Unknown,,,
977,Gerg,USA,-,Unknown,,,
978,Enton,Germany,2100,6,,,
979,stuf_lane,Russia,2000,4,,,
980,andturtles,USA,2000,4,,,
981,KoS_KINSHASA,Unknown,-,Unknown,,,
982,AilaAnne,USA,2110,13,,,
983,HarryPotter,Germany,2100,6,,,
984,Its_Corn,Taiwan,2100,6,,,
985,lululu6689,Hong Kong,2010,10,,,
986,Amrzs,Taiwan,2100,6,,,
987,JuanmaMolina,Spain,2000,4,,,
988,deadstick8,Australia,2000,4,,,
989,tkcampo,USA,2000,4,,,
990,kurimame,Japan,2000,4,,,
991,AnonWolf,Ukraine,3100,19,,,
992,Unsourced,USA,2110,13,,,
993,Beakers,Poland,2000,4,,,
994,Smeag,Uruguay,2000,4,,,
995,blueba,Netherlands,0100,33,,,
996,Tea_Sea,France,2110,13,,,
997,BlazingRed,Brazil,2100,6,,,
998,Aire,USA,2000,4,,,
999,Adstar,Unknown,2010,10,,,
1000,Pfandbaron,Germany,2100,6,,,
1001,Legendaryporky,Unknown,2100,6,,,
1002,lsilentcatl,Unknown,0100,33,,,
1003,LazerWing,Netherlands,2010,10,,,
1004,wwwrghqhg,USA,5210,68,,,
1005,Thunyx,USA,2000,4,,,
1006,samochodzik,Poland,2110,13,,,
1007,BOMBADUPASIEMALYSA,Poland,2110,13,,,
1008,znamir11,Poland,2100,6,,,
1009,Bearer_of_the_Curse,Romania,2000,4,,,
1010,Abdul_Hamid,Jordan,2000,4,,,
1011,azaleaknd,Unknown,5000,57,,,
1012,Nannal,Unknown,2000,4,,,
1013,Witless,Australia,2100,6,,,
1014,destructionvibe,Saudi Arabia,2000,4,,,
1015,Goreckyyy,Poland,4101,34,,,
1016,LilManula,Germany,0100,33,,,
1017,SharpShmoozer,USA,2010,10,,,
1018,Slazinsky,Czech Republic,2100,6,,,
1019,Matthewwwwww,England,2100,6,,,
1020,Dawidawidek,Poland,2100,6,,,
1021,m_tsumiki,Unknown,2000,4,,,
1022,termi330,Poland,2100,6,,,
1023,F3n0men,Poland,2100,6,,,
1024,Strixay,Poland,-,Unknown,,,
1025,sunthephenix,Canada,2000,4,,,
1026,MateusSz,Poland,2000,4,,,
1027,TehSpacemang,Unknown,2201,9,,,
1028,Phycoz,Canada,2000,4,,,
1029,BeguiledDoor148,Unknown,-,Unknown,,,
1030,SZYMMIX,Poland,-,Unknown,,,
1031,kamykes,Poland,-,Unknown,,,
1032,sweet_and_sour_pork,Japan,-,Unknown,,,
1033,Tefalach,Poland,-,Unknown,,,
1034,goop_ds,Unknown,2100,6,,,
1035,CrasherZero6,Germany,-,Unknown,,,
1036,PeepoFrog,Poland,-,Unknown,,,
1037,Gifflaren,Sweden,-,Unknown,,,
1038,lakupanni,Estonia,-,Unknown,,,
1039,Moral_Supp0rt,Australia,-,Unknown,,,
1040,sunal007,Unknown,-,Unknown,,,
1041,Skamil,Poland,-,Unknown,,,
1042,Nichero4,Spain,2100,6,,,
1043,Thornwood,Netherlands,-,Unknown,,,
1044,Stranner4,Germany,-,Unknown,,,
1045,franek_solara,Poland,-,Unknown,,,
1046,Dekroo,Poland,-,Unknown,,,
1047,robot1232,Czech Republic,-,Unknown,,,
1048,Jlazer,Unknown,2100,6,,,
1049,Dissanor,Netherlands,-,Unknown,,,
1050,VibinOschi,European Union,-,Unknown,,,
1051,facutrucho,Uruguay,2000,4,,,
1052,j4mesiwo,Poland,-,Unknown,,,
1053,octosquad,England,2000,4,,,
1054,ShinzoShi,United Kingdom,2100,6,,,
1055,_BigMoneyGarfield_,USA,-,Unknown,,,
1056,oops_nap,USA,2000,4,,,
1057,Sebastoss,Unknown,-,Unknown,,,
1058,isi99,Unknown,-,Unknown,,,
1059,Junn,Malaysia,-,Unknown,,,
1060,dolidius,Poland,2000,4,,,
1061,Skeeter,France,2100,6,,,
1062,Dendremian,Unknown,-,Unknown,,,
1063,CouchBoy69,USA,-,Unknown,,,
1064,Enestery,Denmark,-,Unknown,,,
1065,Pigmess,USA,2100,6,,,
1066,Adamson23,Poland,-,Unknown,,,
1067,_XtriS_,Russia,-,Unknown,,,
1068,Guinchi,Peru,-,Unknown,,,
1069,Anrde,Unknown,-,Unknown,,,
1070,wjrbdhwjbrkdba,Poland,-,Unknown,,,
1071,Pmoon,Puerto Rico,-,Unknown,,,
1072,Luiginet,Spain,-,Unknown,,,
1073,Renkoishi,South Korea,2100,6,,,
1074,ALX546,Unknown,-,Unknown,,,
1075,Real_Bot,Netherlands,-,Unknown,,,
1076,Incogn1tyo,Unknown,0000,11,,,
1077,BesosKurwica,Poland,-,Unknown,,,
1078,RowlinStudios,United Kingdom,2000,4,,,
1079,Kotlecior,Poland,-,Unknown,,,
1080,SstephenMC,United Kingdom,2000,4,,,
1081,Baszu123,Poland,-,Unknown,,,
1082,QuatosXian,Unknown,2100,6,,,
1083,Lukas_Jurenik,Czech Republic,-,Unknown,,,
1084,Majbro,Unknown,-,Unknown,,,
1085,YANSHUF,Israel,-,Unknown,,,
1086,shadeFRP,Poland,-,Unknown,,,
1087,PoKuReal,Unknown,-,Unknown,,,
1088,Nurasyl,Unknown,-,Unknown,,,
1089,Nonamelyt,Taiwan,2100,6,,,
1090,WelJamie,Netherlands,2000,4,,,
1091,raptzchel,Unknown,-,Unknown,,,
1092,WillHanzo,Colombia,-,Unknown,,,
1093,madrapoe,Russia,2000,4,,,
1094,speramagkes,Greece,2100,6,,,
1095,zukpuvee777,Québec,-,Unknown,,,
1096,janek49,Poland,2000,4,,,
1097,RCLMateo,Poland,-,Unknown,,,
1098,_starM,Unknown,-,Unknown,,,
1099,Iwor,Poland,-,Unknown,,,
1100,snckx,USA,-,Unknown,,,
1101,Rexis,Unknown,-,Unknown,,,
1102,AgoodOldRub,Germany,-,Unknown,,,
1103,Levaij,Poland,-,Unknown,,,
1104,Qupse,Poland,-,Unknown,,,
1105,Zardaros,Russia,2010,10,,,
1106,HappyCoozack,Poland,-,Unknown,,,
1107,Kriegan,USA,2100,6,,,
1108,kantaisafk,USA,-,Unknown,,,
1109,Itzforbsy,England,2100,6,,,
1110,Denciok,Poland,2000,4,,,
1111,jagodens,Poland,2100,6,,,
1112,syanikama,Japan,-,Unknown,,,
1113,vigus20,Mexico,2000,4,,,
1114,Rubsteel,Poland,-,Unknown,,,
1115,Vetori,Poland,-,Unknown,,,
1116,iLoveMen,USA,-,Unknown,,,
1117,Samian_,Poland,-,Unknown,,,
1118,Clomil,USA,2010,10,,,
1119,Duffman56,USA,-,Unknown,,,
1120,atebywolves,Spain,-,Unknown,,,
1121,jakevernice,India,2000,4,,,
1122,gaju,Poland,5110,65,,,
1123,RayTheManLIVE,USA,-,Unknown,,,
1124,The_Guest,USA,-,Unknown,,,
1125,Zatrox,Unknown,-,Unknown,,,
1126,jax_vevo,USA,-,Unknown,,,
1127,mma2k18,Argentina,-,Unknown,,,
1128,VojtaEzz,Czech Republic,2200,8,,,
1129,Arbitrary,United Kingdom,2000,4,,,
1130,Shirubentto,Spain,2000,4,,,
1131,Mettafoxx,USA,-,Unknown,,,
1132,Weasel._.,Israel,-,Unknown,,,
1133,Tosiekk,Poland,2000,4,,,
1134,Kurinyann,Australia,-,Unknown,,,
1135,molong1230,Taiwan,2000,4,,,
1136,Davski,United Kingdom,-,Unknown,,,
1137,Kukacz,Poland,-,Unknown,,,
1138,Futbolero_365,Argentina,-,Unknown,,,
1139,energg,Unknown,-,Unknown,,,
1140,MikeSlav,Bosnia and Herzegovina,3000,17,,,
1141,Orinex,England,-,Unknown,,,
1142,dongo_,Uganda,-,Unknown,,,
1143,Zukaviar,Switzerland,2000,4,,,
1144,najkovsky,Poland,-,Unknown,,,
1145,the4thassassin,Unknown,-,Unknown,,,
1146,kamol2313,Poland,-,Unknown,,,
1147,Yalfei,Unknown,3100,19,,,
1148,junsu7501,South Korea,-,Unknown,,,
1149,Shirutani,United Kingdom,-,Unknown,,,
1150,mtk1339,Poland,-,Unknown,,,
1151,babyfire123,Unknown,-,Unknown,,,
1152,Taggelurmingen,Sweden,-,Unknown,,,
1153,gpchichu,Germany,-,Unknown,,,
1154,Ratvioli,USA,-,Unknown,,,
1155,vSzaman,Poland,-,Unknown,,,
1156,xyzmaik,Catalonia,-,Unknown,,,
1157,Kereliusz,Poland,-,Unknown,,,
1158,FeetedDuck,Vietnam,-,Unknown,,,
1159,Sziro,Poland,-,Unknown,,,
1160,Quackumm,USA,2000,4,,,
1161,NBTmaksym08,Poland,2000,4,,,
1162,randName,Singapore,2110,13,,,
1163,DaqezMD,Czech Republic,2100,6,,,
1164,NullmusPullmus,USA,-,Unknown,,,
1165,criix23,Unknown,-,Unknown,,,
1166,poko,Japan,2000,4,,,
1167,aclockworkedgy,Unknown,-,Unknown,,,
1168,Teavian,USA,-,Unknown,,,
1169,Sui_kurumayuLove,Japan,2010,10,,,
1170,Kejpson,Unknown,-,Unknown,,,
1171,Bckk,Poland,-,Unknown,,,
1172,xtomo21,Poland,0000,11,,,
1173,Frolex,Sweden,-,Unknown,,,
1174,alewang,Argentina,-,Unknown,,,
1175,ShadowKarma,England,2000,4,,,
1176,Akkeepo,Poland,-,Unknown,,,
1177,ZeNox_x,Taiwan,-,Unknown,,,
1178,TheBarberShop,Unknown,-,Unknown,,,
1179,Fleckzi,Denmark,-,Unknown,,,
1180,MrPolo,Netherlands,-,Unknown,,,
1181,neenoneens,Netherlands,-,Unknown,,,
1182,Itsgerg,USA,4001,31,,,
1183,CitizenZTV,France,-,Unknown,,,
1184,Maciek88HD,Unknown,-,Unknown,,,
1185,TraditionalLemon,Australia,-,Unknown,,,
1186,disargonised,Unknown,-,Unknown,,,
1187,Deku_Senpai,Cyprus,-,Unknown,,,
1188,TheGoldenFennec,USA,-,Unknown,,,
1189,hyphin,USA,-,Unknown,,,
1190,EldenBerserk,Russia,-,Unknown,,,
1191,Ploof,USA,-,Unknown,,,
1192,Armcomgn3,Unknown,-,Unknown,,,
1193,Buba_,Unknown,-,Unknown,,,
1194,myo,Poland,-,Unknown,,,
1195,Remblob,USA,2000,4,,,
1196,Pasiek,Poland,-,Unknown,,,
1197,iamkonsoul,USA,1000,43,,,
1198,Hypernova1122,USA,-,Unknown,,,
1199,mYst1c_,Unknown,2000,4,,,
1200,Michalsonek,Poland,-,Unknown,,,
1201,b_k,England,-,Unknown,,,
1202,Cauka,France,2000,4,,,
1203,EnchiRL,Unknown,-,Unknown,,,
1204,AliTagizde,Azerbaijan,-,Unknown,,,
1205,Bajooo_,Poland,-,Unknown,,,
1206,bigbirdddd,Mexico,-,Unknown,,,
1207,Skratch,USA,-,Unknown,,,
1208,FaruQ,France,-,Unknown,,,
1209,WatchMoose,USA,-,Unknown,,,
1210,stanthetinman,Denmark,-,Unknown,,,
